ip,MAC,nume_server,comentarii
221.187.207.207,40-29-CB-C0-8A-B4,Gabcube,Tanzania
166.224.8.192,86-66-D2-88-43-95,Zoomcast,Philippines
61.120.176.212,5A-10-F4-52-0C-93,Meedoo,Indonesia
127.139.202.112,4A-87-A9-EF-BB-05,Quatz,Indonesia
11.166.143.209,22-22-E7-F1-CD-04,Npath,China
163.144.240.13,CD-DC-B6-4D-12-D8,Realbuzz,Russia
132.229.209.250,39-FE-05-FE-CA-04,Fivebridge,Indonesia
228.196.138.130,0D-46-8A-75-8F-12,Kanoodle,Japan
156.54.49.207,FE-E1-28-73-03-4D,Oyoloo,China
223.204.108.58,B8-2D-54-72-FC-DC,Ailane,Armenia
48.19.25.81,65-2A-53-9A-05-E3,InnoZ,Indonesia
130.39.174.249,36-6E-EA-8C-60-8A,Skipfire,New Zealand
250.238.230.139,71-D1-3F-29-99-50,Vinder,Netherlands
221.34.250.202,77-7A-15-64-1E-CA,Browsezoom,Russia
251.199.69.30,49-88-1A-4A-EF-E9,Agimba,United States
3.88.16.47,AE-3C-F6-D5-64-4A,Pixope,Peru
237.62.69.197,15-E2-7D-A0-B2-9C,Brightdog,Colombia
61.70.219.72,32-D4-FB-5C-52-2E,Voolith,Armenia
181.206.218.80,A7-89-BA-56-96-41,Twimbo,Brazil
85.113.250.210,22-B2-B9-BA-D0-C1,Eire,Philippines
251.70.227.135,3D-25-CD-2C-3C-6E,Flipstorm,Sweden
126.209.98.199,B9-DE-13-BB-B8-03,Buzzbean,Nepal
166.137.26.86,8E-27-34-2D-82-41,Fatz,Costa Rica
82.192.63.77,4D-50-00-03-D0-19,Thoughtstorm,Paraguay
233.63.51.67,60-B3-7A-A7-8B-78,Zava,China
250.138.25.75,CC-C0-B9-9B-40-3F,Photojam,Indonesia
227.252.242.161,27-F5-3C-D2-A4-0F,Browsedrive,China
133.80.121.107,5A-A2-08-99-B1-3F,Fivespan,Malta
78.85.238.118,E7-95-79-53-88-E4,Jaxspan,Poland
150.162.142.146,4D-91-18-24-CE-E5,Yoveo,Lithuania
114.82.174.158,E2-97-12-00-AF-84,Voonyx,China
10.158.224.33,D7-21-63-A6-3F-72,Brainlounge,Colombia
109.74.166.200,73-37-B7-23-7E-FF,Feedfish,Indonesia
0.145.132.139,B0-4B-23-C0-4E-2D,Rhynoodle,France
214.179.53.229,08-D4-09-FA-1F-29,Eire,Indonesia
232.150.136.233,40-31-4A-01-A5-3D,Quatz,Finland
45.170.75.4,26-14-36-9C-61-EB,Ozu,Lebanon
166.93.51.71,09-73-1F-B2-BC-1F,Riffpath,Serbia
41.196.154.38,72-1D-54-28-B3-68,Zoonoodle,United States
35.224.65.11,A3-0F-79-9C-6F-17,Babbleopia,China
44.174.62.127,8D-14-6B-7F-67-04,Tekfly,Russia
255.198.182.141,F3-86-DB-98-80-B1,Kamba,Indonesia
101.66.68.123,7E-6E-92-28-F4-7F,Feedspan,Russia
116.144.59.145,3B-06-D6-2B-0C-CE,Pixoboo,Indonesia
180.137.244.11,0A-51-29-50-70-3F,Vipe,China
116.12.30.0,C1-D9-4F-06-D7-F6,Skyba,Netherlands
173.185.199.58,AF-C2-15-AD-6B-3D,Skiptube,China
133.41.175.35,60-74-64-32-A4-67,Ozu,Poland
219.92.215.170,E8-C5-A3-3A-78-36,Bluezoom,China
40.81.148.64,30-85-7F-0D-52-83,Kimia,Somalia
125.158.89.63,9A-B0-72-55-01-1C,Wordtune,Brazil
225.81.61.104,4F-80-73-19-EB-38,Oyoyo,China
76.235.135.61,08-AD-74-C2-F9-E8,Eimbee,Philippines
64.238.20.3,7C-DB-BB-45-24-61,Devshare,Syria
83.207.86.163,25-47-51-89-8B-A6,Izio,Indonesia
159.69.104.127,53-8A-2B-A2-BD-D3,Skibox,Ukraine
159.98.136.88,43-0B-64-DB-C6-DD,Riffwire,Indonesia
219.16.4.191,94-94-C0-A1-A3-B3,Avamba,Brazil
89.61.87.188,9D-12-95-2C-05-0E,Brainsphere,China
54.184.43.125,D4-4D-C8-A6-E8-9C,Jetpulse,Colombia
30.103.54.126,33-3E-7B-22-2E-B5,Livetube,Uzbekistan
197.123.7.82,59-53-7B-30-37-58,Jaxnation,China
159.19.39.75,DD-96-36-45-4B-6E,Edgeblab,Chad
221.108.107.117,46-DD-12-E1-DD-80,Flipstorm,China
210.53.82.69,9A-16-66-D2-0F-C0,Photobug,Finland
32.221.50.128,CE-4A-B2-81-36-F6,Roombo,South Korea
209.23.1.207,57-D6-D3-40-DD-EE,Eazzy,China
116.174.86.107,DC-57-83-99-B1-6B,Photofeed,South Korea
84.61.205.76,9B-A3-D5-93-65-7C,Devpoint,Reunion
1.144.19.190,7C-33-1B-B0-DD-A0,Eabox,Poland
246.120.62.219,77-2F-8B-4C-AA-C6,Linktype,Sweden
5.65.195.235,B1-7F-0F-A5-83-1C,Jabbersphere,Tajikistan
147.153.148.217,FF-D0-30-25-9B-3A,Linklinks,Malaysia
177.37.203.126,49-F0-31-BC-B0-34,BlogXS,Philippines
238.49.99.94,C0-21-DF-80-9E-15,Eamia,El Salvador
210.212.198.136,29-BE-C5-B0-8E-6C,Roodel,Mexico
75.121.44.53,C0-6B-3C-45-A2-38,Jazzy,Iran
63.115.16.123,62-E4-AB-A3-78-C0,Tanoodle,Tajikistan
9.206.178.38,21-EE-31-CD-8E-4A,Realblab,Slovenia
50.148.187.61,04-3A-D3-2C-EE-C7,Dynava,Uganda
134.232.213.250,81-D4-A1-44-04-B6,Twinte,China
225.100.166.115,45-80-9C-1C-36-55,Thoughtbridge,France
255.146.107.84,3A-49-EA-9E-E5-23,Jayo,Sweden
57.162.4.180,B0-07-42-25-2F-7F,Zoomzone,Indonesia
94.106.238.222,79-14-2B-D3-CD-01,Skyvu,Turkey
226.193.135.170,C2-4B-17-2E-E8-71,Realcube,Indonesia
100.73.37.208,F2-22-32-CB-7C-16,Geba,Colombia
212.35.238.215,CB-97-B9-3B-A5-29,Twiyo,China
141.9.51.170,AA-17-43-D3-45-BA,Teklist,China
156.143.204.247,44-2B-42-B2-7C-71,Linklinks,Japan
150.106.70.176,22-61-1D-D0-76-7B,Centizu,China
113.96.227.187,AD-A1-7A-85-E7-AE,Shuffledrive,Brazil
39.183.251.149,78-8F-62-26-FF-C3,Aimbo,Portugal
229.231.169.116,C0-29-4A-53-E5-FC,Mynte,Argentina
18.48.26.117,A6-27-67-14-78-26,Trudeo,Mexico
69.54.225.38,E1-64-5E-53-67-4B,Zoomdog,China
11.91.17.200,04-29-1C-0E-81-C6,Jabberstorm,Russia
154.211.155.122,23-44-05-B2-6C-64,Meeveo,Portugal
134.143.212.191,43-24-BD-57-89-9C,Youfeed,Brazil
3.75.172.113,7D-29-6E-ED-03-58,Voonder,Bangladesh
202.225.49.223,7A-10-5F-85-A0-80,Eire,Philippines
236.39.135.90,A8-1C-90-A5-E0-58,Mydeo,Indonesia
130.123.38.176,C8-25-1C-66-8A-1F,Thoughtstorm,France
144.108.123.16,55-31-3B-0A-CD-1A,Livetube,China
160.204.158.38,B4-6B-AF-73-9A-48,Npath,Poland
144.66.245.208,67-CD-78-CB-93-B6,Yacero,Morocco
83.70.15.99,54-E0-8D-97-84-42,Eazzy,Indonesia
249.174.220.88,0E-42-65-F7-D9-8C,Talane,China
196.154.110.88,6A-74-76-8E-50-79,Gigashots,Barbados
32.0.31.165,C7-4C-1E-58-4D-86,InnoZ,Czech Republic
255.91.21.45,72-D3-50-E5-58-08,Oba,China
79.157.246.16,41-70-3B-1F-B4-61,Zoonder,China
134.72.58.171,B3-86-F4-72-48-99,InnoZ,Colombia
228.145.166.43,72-0F-8E-DB-7E-BF,Meezzy,United States
213.112.140.191,DB-62-3C-B4-CD-24,Yotz,Pakistan
14.34.34.208,9D-8E-FE-48-52-9B,Youopia,Comoros
154.44.113.233,8E-A5-9D-0C-14-1C,Yabox,South Korea
9.138.13.239,E9-75-A9-CB-7D-C9,Jatri,Ukraine
152.230.43.23,8F-BD-7B-52-0F-50,Tekfly,Indonesia
224.32.87.85,D8-D0-BA-9A-9A-8A,Dabtype,China
160.236.125.186,29-37-7E-66-BC-DF,Tavu,Vietnam
202.152.127.220,E9-06-FD-46-68-39,Aivee,Portugal
167.213.76.156,E7-E9-F6-DD-B0-AF,Skilith,China
196.118.180.168,BA-E9-B2-66-97-4E,Wordpedia,China
129.186.73.94,4A-59-EE-28-D8-53,Wordpedia,Russia
163.154.133.52,18-99-80-84-C5-7C,Jamia,China
184.55.8.14,BF-27-0B-02-11-90,Ooba,Indonesia
27.120.37.136,F4-96-F4-C0-73-10,Buzzster,Portugal
169.41.133.234,F6-80-41-30-76-F5,Avavee,Peru
52.111.98.254,79-83-39-53-68-B7,Edgeclub,Indonesia
2.26.121.173,FF-AB-92-FA-AE-52,Vinte,China
142.235.30.12,6A-86-04-59-F6-6C,Leexo,China
115.148.70.7,50-50-D5-CC-48-D6,Innotype,Poland
13.101.254.233,8D-82-26-64-CF-BC,Wikivu,China
143.43.221.214,E8-BB-CC-73-82-D8,Quimm,United Kingdom
54.173.205.242,25-28-75-FC-1B-98,Geba,Vietnam
94.183.168.52,D4-F2-86-92-0E-83,Skilith,Russia
74.16.224.117,81-58-BC-4B-46-8C,Yodel,France
32.152.103.104,CA-6B-FA-88-E9-15,Fivebridge,France
200.190.177.106,DC-8C-63-DA-48-55,Skivee,Poland
214.226.251.13,A0-D5-1B-5F-09-B6,Zooxo,Russia
171.19.72.166,45-18-E7-AF-8A-3F,Livefish,Indonesia
76.129.167.45,60-76-C4-C7-CF-3D,Brainlounge,Indonesia
102.6.150.247,46-11-31-C3-B2-0F,Wikizz,Greece
5.158.8.186,68-92-6F-39-43-C4,Shufflebeat,Azerbaijan
110.182.138.139,14-B3-50-BA-E9-24,Trilia,Chile
126.167.221.230,1B-58-AB-A1-72-09,Thoughtblab,Greece
48.239.158.44,EB-83-59-F7-DA-D9,Agivu,United States
56.0.128.75,5B-31-9C-4D-69-E6,Dazzlesphere,Ireland
221.179.104.52,98-AA-BF-32-A9-4E,Trilith,Russia
172.37.53.17,2F-B0-11-DE-FB-30,Gabtype,Mexico
68.28.219.58,D7-8D-46-DB-7C-19,Oyonder,Russia
38.211.148.43,B7-68-BC-28-CD-68,Miboo,China
231.3.198.133,92-E4-4A-D5-0E-2E,Podcat,Indonesia
51.253.16.59,7A-50-ED-25-7C-99,Thoughtbeat,Mexico
5.87.125.214,07-37-23-B3-20-7F,Fivespan,Japan
161.64.172.193,57-BA-A7-EA-A7-88,Dynava,Sweden
14.160.242.239,DF-28-51-21-0D-59,Kanoodle,Indonesia
51.52.245.241,69-58-DC-AB-2B-81,Meejo,Philippines
123.180.182.39,E2-3E-E2-C4-6A-92,Twimbo,Indonesia
225.72.91.172,28-A5-DD-94-87-AD,Feedfire,Armenia
52.223.179.77,8B-5F-17-E8-04-20,Tagcat,Ukraine
118.168.47.211,41-79-37-3F-C0-E5,Meevee,France
210.76.14.66,E6-4A-5A-10-B2-0F,Rhynyx,Croatia
189.51.189.149,CF-65-39-59-6F-FA,Bubbletube,China
138.145.113.121,2B-80-30-F4-06-4E,Mudo,Brazil
206.36.112.193,65-E7-56-7F-2A-3F,Vipe,China
71.119.245.109,0C-1B-CE-C1-11-04,Gabcube,France
88.161.164.6,51-9E-6B-71-0A-59,Bluejam,Russia
234.65.1.112,F0-18-4B-85-83-34,Realblab,Colombia
219.64.240.226,D3-22-1B-1B-84-B4,Zoovu,China
36.100.85.156,F3-7E-63-FE-E4-24,Blognation,Iraq
44.46.211.14,53-DD-FC-90-6F-78,Abata,Philippines
33.145.102.178,F3-5A-83-90-8A-0B,Fatz,Japan
171.143.137.87,03-6D-94-98-CE-DB,Muxo,Argentina
87.133.96.33,E2-7D-F5-58-AF-2B,Skajo,Hong Kong
243.138.52.77,F3-31-A0-64-4D-61,Zoomzone,Poland
204.132.226.18,6C-F0-8B-6D-88-2D,Quatz,Poland
221.205.219.117,E4-8B-D9-7E-E3-CD,Mymm,Indonesia
93.251.164.52,B8-A0-12-71-5A-03,Fivespan,United Kingdom
103.88.127.31,4A-53-88-F5-24-AA,Oodoo,Czech Republic
132.7.217.178,B0-18-77-29-78-B6,Thoughtmix,Portugal
67.72.110.247,2C-A1-2C-F1-DF-BA,Gabtune,Indonesia
156.165.58.174,66-8F-6C-DA-D6-83,Ntag,Mexico
96.196.209.214,AA-33-6F-7E-8A-74,Mydo,China
50.189.190.138,79-A9-8B-2A-6C-FA,Pixope,France
193.189.168.170,AE-95-DC-28-66-16,Agivu,Vietnam
130.42.26.75,9C-91-A9-FB-EB-F9,Yakitri,Poland
56.138.219.236,97-DF-94-93-7D-F5,Twinder,Hungary
255.25.91.198,97-87-C7-3F-04-C1,Dabvine,China
110.203.120.241,33-4C-B7-94-5B-F8,Quimba,Benin
159.3.7.147,F7-46-C9-0C-54-34,Rhyzio,China
182.134.2.0,BB-0E-14-69-A5-0B,Demizz,Philippines
72.161.200.32,B8-14-73-3C-09-63,Twinder,Poland
169.58.126.127,18-C6-8C-DB-F5-C6,Skiptube,Ukraine
232.72.89.255,C4-44-66-50-09-CE,Devify,China
54.14.81.254,99-73-FF-9A-FF-C7,Gigazoom,China
58.203.121.9,43-3A-B8-54-FD-B7,Ailane,China
174.15.237.19,17-F4-33-1E-ED-96,Skivee,Georgia
125.238.127.19,51-71-3E-DE-97-A5,Abatz,France
165.20.218.8,07-A0-04-FA-72-09,Blogtags,China
14.212.7.46,01-C0-B1-7F-8C-AD,Twitterwire,Argentina
158.74.43.79,B3-14-F2-33-C5-5E,Skinder,Tanzania
24.140.161.219,17-DE-6F-26-76-90,Meeveo,Peru
59.240.72.125,47-81-3C-ED-E3-90,Thoughtsphere,Argentina
149.83.238.225,A5-8D-2D-AF-5A-A0,Brightbean,Poland
235.131.66.81,B8-F6-4B-2E-55-C9,Kwimbee,Jordan
6.47.107.60,72-3B-8C-5F-D1-B2,Tazzy,United States
111.31.145.240,E1-E4-DE-C8-C3-AB,Twimbo,China
140.183.74.56,BE-85-92-7E-83-D0,Babbleblab,Vietnam
231.54.212.172,D2-0D-22-E4-B2-B8,Gigashots,Vietnam
193.162.128.199,CC-46-B4-3F-E7-7D,Browsecat,Russia
70.129.216.34,E1-1B-B0-E1-9E-CE,Feednation,Bulgaria
214.19.86.96,ED-21-CC-27-A2-55,Quamba,China
252.121.203.66,80-D4-65-75-D4-E3,Skilith,Portugal
149.25.225.25,78-D3-81-58-E4-6A,Linkbridge,Portugal
31.245.52.163,8B-44-EB-B9-76-42,Yozio,Poland
115.98.188.26,DF-8D-EB-D5-16-8E,Divape,Indonesia
166.157.102.222,24-FC-45-BF-1F-DE,Tagfeed,France
190.151.76.206,07-C1-72-7E-A0-6D,Yadel,Taiwan
47.195.215.32,23-5C-65-39-57-48,Kare,China
134.237.146.92,CB-95-C9-02-D2-E3,Jayo,South Africa
179.129.203.169,9C-5A-1B-3F-02-8E,Jayo,Syria
0.76.119.59,D3-7D-C9-01-28-2C,Tazz,Czech Republic
45.217.183.104,BA-3C-73-59-2E-50,Layo,Malaysia
198.217.98.37,90-CC-78-6B-32-A1,Quaxo,Bangladesh
118.23.248.219,C3-0B-0D-60-89-A9,Youspan,China
134.222.201.10,A2-D4-B9-5C-33-36,Kayveo,Philippines
140.253.213.158,2F-66-5D-65-71-F7,Blognation,Brazil
244.36.131.91,87-0A-AD-65-AA-9C,Jatri,United States
180.134.82.117,D9-38-6C-D8-74-C6,Centizu,Indonesia
29.124.201.129,F0-C1-D6-C7-C2-0A,Voomm,Czech Republic
241.77.136.169,B8-36-53-56-04-31,Jabbertype,Latvia
242.101.185.215,C7-AC-08-8E-21-0E,Feednation,Sweden
135.63.204.81,3F-4D-BA-E3-83-E1,Thoughtworks,Indonesia
132.108.242.137,81-36-95-A8-5D-4C,Realcube,Russia
23.193.170.174,5D-05-2D-7E-73-E5,Youtags,Uruguay
111.159.3.186,E0-4D-9E-57-F8-91,Mymm,China
186.6.30.107,5A-9B-20-A4-96-4E,Bubblebox,Peru
187.167.118.129,0B-4E-9A-9B-BE-BF,Oba,Gambia
98.241.164.175,E8-D6-19-97-9C-E5,Wikivu,Poland
239.39.219.130,0B-86-65-FF-1D-CE,Chatterpoint,Jamaica
55.164.32.216,65-D2-CF-00-55-47,Yakijo,Mexico
239.197.140.166,4F-B3-49-00-AB-7B,Eire,China
210.48.41.153,6F-08-FC-99-80-CD,Mybuzz,Nigeria
23.32.51.111,CE-02-30-22-56-D4,Trilia,Brazil
69.101.24.172,82-2D-98-35-66-A1,Avavee,Canada
48.79.206.0,2D-E0-C8-79-CA-DF,Talane,Russia
153.169.157.239,FF-8F-9B-A1-15-D8,Yambee,Madagascar
119.250.114.76,99-89-83-66-E2-80,Fivechat,China
57.106.23.158,66-4B-ED-CE-73-B7,Skipfire,Thailand
248.103.150.123,4D-43-66-7C-B8-B3,Brightbean,Syria
101.175.146.216,2E-B0-7A-8E-9C-B4,Skinder,China
129.80.194.16,BF-FF-60-18-D4-09,Tanoodle,United States
250.104.44.188,36-B5-AC-BF-C5-79,Innotype,China
243.20.195.179,67-32-53-18-88-66,Vinder,Indonesia
42.37.148.209,4C-2A-6B-D1-2A-8F,Avamm,Poland
233.6.30.108,05-46-EA-23-CE-7B,Skyble,Argentina
10.233.79.59,7E-2A-B2-BE-04-96,Fivespan,Bolivia
9.215.50.43,96-76-D7-AC-D3-E6,Pixope,Saudi Arabia
90.248.2.119,C2-98-D7-F5-28-CA,Babbleset,Mexico
207.167.237.67,A5-EE-70-FF-86-66,Brainbox,Colombia
13.189.210.229,62-A7-6B-D0-5F-95,Skaboo,Indonesia
25.24.55.4,43-F9-D0-38-5B-6B,Realcube,Portugal
24.242.249.200,33-45-65-3C-AB-6D,Rhyloo,Portugal
99.122.12.140,80-2D-BE-A0-EF-AF,Meemm,Portugal
78.90.67.255,29-E8-05-99-82-47,Aibox,Laos
216.220.139.41,DE-5F-75-E4-92-B7,Mynte,Indonesia
132.29.159.88,4E-C4-70-E3-6C-53,Tagpad,Colombia
213.102.106.29,08-39-14-07-65-A8,Skimia,Indonesia
115.165.130.25,2D-E3-2C-03-B9-C5,Babbleopia,Nigeria
251.245.17.183,58-26-6C-21-62-51,Chatterpoint,China
170.198.109.24,59-DA-27-F4-8A-A1,Minyx,Papua New Guinea
49.247.161.153,44-69-5E-55-64-4E,Quatz,Mauritania
210.109.191.160,F8-65-DA-24-3B-8B,Zoozzy,Gambia
134.195.12.155,00-76-AC-B1-5E-D9,Wordtune,France
92.25.180.221,26-10-B9-E9-C8-E8,Jaxbean,China
191.173.234.60,CD-81-CB-DA-97-B8,Flashdog,Slovenia
1.25.107.202,BA-94-7F-05-B3-0A,Oloo,Indonesia
71.81.44.164,46-6D-94-EA-0E-4C,Leenti,Poland
224.1.56.197,3A-BB-F7-0E-70-76,Tagtune,Honduras
30.81.210.90,17-9A-83-BC-D9-DB,Aimbu,Indonesia
94.19.206.116,7C-73-01-35-81-0D,Innojam,Ukraine
37.220.6.251,89-2D-2B-A7-05-93,InnoZ,Bulgaria
141.27.121.169,66-E3-D8-CE-8D-A2,Thoughtstorm,Colombia
206.128.144.129,8C-BF-78-57-DE-AB,Rhyloo,Portugal
184.242.19.86,7F-5F-34-85-74-4C,Reallinks,Cuba
75.237.134.228,B5-98-8C-6A-AB-6E,Pixonyx,Thailand
78.228.135.20,C5-85-0F-34-33-FF,Skyble,China
38.175.90.55,6D-A6-14-23-40-49,Gevee,Russia
232.218.29.33,25-44-F4-C8-77-62,Centizu,Indonesia
45.92.107.159,23-D6-AD-BC-C8-C6,Skyndu,Philippines
234.249.60.22,23-F5-BE-4F-D7-5D,Jabbercube,Ireland
94.247.98.109,6E-C0-68-61-40-2B,Dynabox,Russia
35.6.234.223,D1-A0-92-90-D8-2A,Topiclounge,Sri Lanka
44.4.60.27,E9-7C-CF-97-F6-7A,Topicstorm,Portugal
7.209.142.181,46-7C-DD-8A-E7-0E,Edgeblab,China
207.218.180.211,37-4A-21-6F-22-6C,Youfeed,Afghanistan
205.93.178.187,6F-FE-D0-68-D2-B3,Myworks,China
31.217.46.40,84-CB-A1-3E-03-CE,Eazzy,Indonesia
193.57.247.18,DA-3B-AD-46-C0-86,Thoughtstorm,Philippines
102.151.53.36,4C-6E-DD-16-14-56,Agivu,Philippines
81.169.248.73,31-8B-E3-48-95-9D,Jabberstorm,Brazil
22.217.158.119,2E-21-50-F1-30-12,Bubbletube,Portugal
3.82.124.130,52-F4-E5-B9-18-08,Buzzster,Poland
47.3.254.88,37-AE-FA-CB-07-38,Skyba,China
200.229.63.227,3C-0A-CC-00-46-C8,Tanoodle,Indonesia
138.18.86.123,11-13-E8-F2-5D-7F,Abata,China
217.77.116.60,59-62-B5-DD-9B-EC,Devpoint,China
10.161.242.64,FA-9C-69-F1-2A-B7,Feedspan,Albania
181.152.179.214,38-41-38-C6-CA-A7,Meemm,Philippines
195.207.147.124,51-AD-91-B1-D0-10,Gigazoom,Vietnam
214.249.59.167,A8-D9-34-53-F9-93,Skivee,Hungary
63.187.192.159,9D-90-23-5E-32-B9,Meezzy,Portugal
139.230.93.211,09-2C-F6-E8-20-96,Snaptags,China
245.20.189.208,FC-DB-B3-70-2D-61,Ainyx,Brazil
112.247.58.130,92-2B-7A-F3-E9-B8,Fliptune,Netherlands
129.206.156.48,FE-88-8B-AF-1C-34,Kwimbee,Indonesia
254.88.224.63,BD-74-56-28-D4-EE,Janyx,Indonesia
226.26.153.28,89-B6-C8-0D-D1-E9,Jetpulse,France
207.95.90.237,76-04-97-25-1E-DE,Wordware,Serbia
164.214.14.16,FA-36-83-C0-2A-54,Photospace,France
72.97.123.212,6D-11-CB-7A-21-55,Photobean,Bulgaria
87.151.70.65,9F-33-BF-71-01-4C,Skynoodle,China
185.136.149.131,E2-41-27-E6-A3-27,Edgewire,China
137.238.211.24,72-5F-35-95-FA-FF,Voonyx,Japan
143.47.81.135,66-54-C0-7E-E2-8D,Meeveo,Brazil
155.65.23.24,3C-21-1A-E7-F7-CB,Tanoodle,Indonesia
211.45.247.223,B6-93-3E-DB-FF-A5,Quimba,Indonesia
217.111.57.103,39-1D-FA-05-96-FA,Eayo,China
35.85.144.206,2D-F5-9F-FD-91-AB,Shufflebeat,Albania
220.86.172.238,C7-6B-2E-A7-86-EB,Snaptags,Poland
1.248.125.29,65-93-F3-06-50-DA,Quimm,Argentina
130.63.185.120,3F-21-53-BB-D6-1A,Voolia,Mongolia
188.148.187.74,E8-B9-5E-1D-D5-19,Leexo,Pakistan
183.200.204.62,E3-0F-84-D4-8C-4A,Realpoint,Indonesia
12.145.94.59,5B-56-A8-BD-46-A4,Jabberstorm,Brazil
214.43.247.59,7B-9E-11-44-C7-EE,Meedoo,Germany
101.126.130.236,98-78-59-90-D9-DE,Babbleopia,China
11.218.248.116,08-AC-00-80-6F-C2,Mynte,Vietnam
93.191.172.104,59-3E-6D-A1-FB-EE,Skimia,Uzbekistan
13.31.137.49,63-73-22-C3-DA-71,Gigazoom,Finland
255.232.75.141,17-39-47-68-14-76,Wordpedia,Colombia
53.194.90.19,56-DB-BD-AE-55-05,Skipstorm,China
110.188.129.193,BD-89-74-40-01-F3,Geba,Russia
18.221.214.219,3A-8F-85-13-E7-9D,Twitterbeat,Malta
201.144.248.92,4C-3F-76-01-B2-C2,Realfire,China
125.62.230.47,5A-3F-A6-74-C6-D6,Yoveo,China
252.15.48.15,12-1D-F5-25-4A-4E,Jaxnation,Finland
18.59.65.79,F0-AE-DF-DA-4E-A4,Jabbercube,Indonesia
12.251.178.12,72-2A-DF-A4-26-69,Dabshots,Indonesia
203.226.19.146,D9-97-F5-48-41-F2,Jaxspan,Chile
84.204.176.101,42-14-43-A4-AF-2F,Vimbo,Sweden
75.206.254.248,A5-EE-02-2D-D8-CE,Flipopia,China
131.37.25.226,70-71-46-1F-CB-F5,Einti,China
5.171.156.228,17-01-E4-D9-30-AE,Thoughtbeat,Sweden
74.39.183.52,E6-21-57-37-1A-7A,Oyondu,Czech Republic
171.148.12.128,87-59-87-E8-41-D4,Fivechat,Indonesia
186.50.104.82,71-5A-D4-37-D0-36,Jabberbean,China
156.96.236.129,58-1F-8E-C7-49-1A,Innotype,Indonesia
51.227.11.115,80-9F-34-28-57-EB,Rhyzio,Netherlands
13.186.219.79,1F-FE-61-EA-31-3F,Reallinks,Finland
33.180.27.59,31-3F-A7-24-AB-59,Kwideo,Philippines
252.114.127.140,9F-DC-99-3F-3E-D0,Zazio,France
150.178.65.120,E5-2E-CD-EA-2D-F6,Zoomcast,United States
199.122.177.121,03-05-D0-BB-12-AE,Yodo,Guatemala
67.175.192.138,2E-BB-2C-37-6A-EC,Cogibox,Poland
155.216.222.207,4C-FA-1C-7A-38-CD,Miboo,Czech Republic
49.114.190.199,A5-53-18-D7-B1-4E,Yabox,Finland
254.134.21.242,E9-0D-07-41-E3-8B,Livetube,Finland
42.137.136.95,83-45-7F-44-95-73,Thoughtmix,China
120.95.28.120,00-63-4E-FC-45-F4,Lajo,Portugal
36.220.252.52,EB-E6-3A-6D-3F-F2,Skidoo,Portugal
200.42.252.147,20-C6-C6-37-20-DC,Yadel,Kosovo
240.243.247.240,E1-0A-EB-DF-59-4E,Voomm,Poland
215.117.73.238,07-68-6F-48-6F-0B,Dynazzy,China
176.6.24.164,67-3B-7B-F9-31-C4,Zoombeat,China
24.52.204.23,66-26-E4-E9-32-66,Edgewire,Honduras
17.105.12.127,77-6E-A8-95-2C-B2,Rhybox,Japan
177.119.85.190,E6-68-7A-20-2D-58,Gabspot,China
187.134.227.58,27-44-28-61-B5-8F,Edgeclub,China
71.18.179.95,25-F0-B6-49-0F-41,Kamba,Russia
196.48.228.251,B0-ED-7D-E4-BF-D4,Skivee,China
80.238.162.78,DE-F8-DF-CA-0D-60,Centizu,China
104.22.83.130,EA-5B-F3-32-20-6F,Bubblebox,Indonesia
39.147.0.16,9F-6F-52-F0-68-C6,Eabox,Afghanistan
118.180.190.167,C0-DE-CE-B5-45-2B,Aimbu,China
130.23.165.10,A9-A7-2E-99-F9-CF,Topiczoom,Moldova
78.93.84.201,DF-4C-F6-54-32-58,Thoughtworks,Philippines
103.130.23.106,4F-A2-E7-E7-5F-05,Linkbuzz,Estonia
178.236.138.13,99-FD-22-9C-8D-17,Babbleset,Portugal
115.196.80.58,16-27-38-A9-04-EC,Voomm,China
182.220.125.70,58-51-5D-11-90-D3,Mynte,France
206.35.151.136,1D-90-52-8E-4E-F1,Izio,Bosnia and Herzegovina
130.200.6.254,51-B8-F6-6D-25-A9,Skynoodle,Indonesia
120.72.200.29,DE-7D-2B-75-59-9D,Dabjam,Canada
199.151.67.4,83-C1-EC-D5-C4-09,Devpoint,Peru
8.241.173.27,48-E8-FF-07-B7-68,Gabcube,Ukraine
10.57.216.131,35-B2-72-6C-5D-EB,Minyx,Ukraine
76.132.253.81,0A-86-E2-14-20-1C,Jaxworks,Peru
25.245.7.74,8D-54-CA-72-1A-ED,Skaboo,China
247.117.51.16,DA-07-F3-31-A0-74,Jatri,China
52.124.255.4,B4-E6-36-8B-C7-33,Dabtype,France
116.175.170.142,9C-07-90-4E-43-F9,Buzzdog,Greece
56.211.91.180,5C-03-D9-8D-97-30,Twiyo,China
126.4.14.107,F1-09-25-5C-62-96,Jabbersphere,United States
87.211.233.246,4B-D1-3B-8E-75-A3,Brainbox,China
119.225.57.102,43-B1-29-D4-26-A0,Zoomdog,Russia
156.93.249.21,67-D5-AA-FB-A9-80,Trudeo,China
83.65.105.70,14-7A-0E-9A-FC-7F,Yotz,China
98.58.15.165,12-9A-26-85-8D-85,Feedfire,Netherlands
189.113.85.175,D2-28-58-13-FF-07,Plambee,Georgia
202.81.1.140,3E-91-B8-6B-C9-93,Topicblab,Philippines
104.75.47.145,05-20-FA-0B-35-6F,Thoughtstorm,China
196.213.239.66,3D-78-CD-A3-D5-8F,Kazio,Indonesia
81.127.106.143,DC-4B-A2-8C-95-AF,Photofeed,Indonesia
62.91.157.66,7C-2A-38-7C-30-79,Katz,Philippines
146.165.17.101,C7-17-13-50-83-B7,Jaloo,Estonia
156.234.52.180,39-22-D2-F4-14-B1,Divanoodle,Indonesia
211.233.34.20,C1-EB-CD-7C-87-2C,Eabox,Greece
76.53.25.41,5A-92-64-46-7A-9D,Divavu,Morocco
203.180.154.157,D7-11-1A-31-E1-85,Kazu,Russia
218.222.96.238,66-16-93-39-B6-EA,Wikido,Estonia
185.252.146.60,67-11-25-88-44-62,Demivee,China
18.71.255.229,3D-50-2B-3E-B6-51,Aivee,Portugal
195.131.111.115,C8-42-E8-85-8B-34,Podcat,Czech Republic
202.134.180.99,A7-6E-29-A2-F3-B9,Divavu,Lithuania
139.237.218.112,AF-0C-47-9B-A7-7F,Skaboo,Sweden
19.26.235.81,D5-41-0F-7C-E1-9D,Meemm,Canada
133.173.203.25,1E-B0-25-0B-88-74,Lazzy,Greece
207.136.3.159,BC-E7-6F-D8-C1-A2,Oba,China
38.203.11.28,10-F8-BC-4C-6D-A9,Tagtune,Indonesia
50.204.95.8,D0-5F-F6-F2-0C-28,Skiptube,Ukraine
161.244.49.159,31-A4-CE-DC-0E-0D,Youspan,Indonesia
109.122.31.243,17-F8-1A-A7-C2-EB,Agivu,Brazil
234.118.182.92,D6-F3-D4-06-74-22,Thoughtmix,China
245.197.166.120,2D-9D-C9-8C-EE-82,Centidel,Indonesia
22.220.241.179,F9-F6-FE-9E-19-D2,Gigabox,Botswana
171.6.127.28,54-EC-66-46-38-4F,Aimbo,Greece
79.73.19.19,48-65-4E-B7-B2-37,Minyx,China
42.236.192.225,35-3A-01-DD-7A-DC,Oyonder,France
129.13.13.25,3A-FA-2E-FC-60-8E,Podcat,Portugal
247.78.211.223,1F-0D-0E-FB-25-B0,Skyndu,Norway
77.161.144.52,12-C6-D9-1A-7E-01,Yodel,Russia
239.127.183.151,6F-34-26-D0-AE-E0,Skilith,Azerbaijan
15.49.78.63,C0-8F-4F-59-F7-FD,Realpoint,Russia
93.240.5.158,93-22-F0-90-17-35,Ailane,Russia
229.245.59.183,EB-BE-76-BC-A3-A2,Agivu,Guatemala
77.252.61.196,BF-C7-35-C2-18-D3,Devshare,Portugal
151.227.69.213,97-AD-20-55-90-EF,Meemm,Portugal
211.33.23.24,5C-6E-57-3C-2C-0D,Oyope,New Zealand
230.158.225.233,66-45-36-F5-23-97,Blogpad,Indonesia
37.84.73.221,3F-D1-48-2A-A0-76,BlogXS,Luxembourg
139.23.8.225,ED-DB-42-36-A9-3E,Aimbo,China
52.51.189.40,3F-01-F2-B0-E2-98,Lajo,Morocco
216.18.18.217,9F-33-46-70-0F-7A,Yodoo,Venezuela
248.176.123.50,E9-86-AF-F4-8B-1C,Jaxworks,China
207.168.224.145,00-CD-A9-59-EE-2F,Realblab,Czech Republic
135.115.104.244,F1-E0-B6-0F-96-90,Flashpoint,China
70.185.228.204,22-32-C7-F0-DC-CD,Dynava,Ukraine
180.247.133.43,89-FF-07-D0-E3-5A,Edgepulse,Egypt
128.89.144.219,E5-39-7B-8F-03-BE,Blogtag,Philippines
85.239.31.226,8E-CA-FE-65-E3-1A,Jamia,France
68.181.32.252,AA-9A-99-48-74-1F,Chatterpoint,China
28.236.93.9,9D-AA-7C-11-ED-79,Zoovu,China
125.102.137.229,4D-D5-B3-24-5F-FA,Vitz,Russia
100.152.114.140,EA-90-FC-74-65-E6,Wikibox,Poland
60.63.4.167,6B-70-54-46-69-7F,Oyoloo,Indonesia
230.100.81.47,59-BD-85-F7-E7-46,Photojam,Indonesia
97.94.150.157,A6-1E-D0-6B-32-75,Quinu,China
166.109.243.216,BB-EB-20-A2-9A-1B,Divanoodle,Indonesia
37.21.55.173,DD-89-91-A1-23-15,Eimbee,Japan
39.181.6.211,35-8D-35-41-C2-75,Rhynyx,Mali
196.155.127.229,8D-6A-27-44-37-49,Fivechat,Japan
42.37.234.148,5F-58-0B-ED-6E-DB,Oloo,China
134.144.1.16,98-23-72-8E-60-C8,Topdrive,Indonesia
198.148.72.179,32-5A-00-B5-73-22,Topicware,Honduras
42.150.121.83,02-80-7C-B3-E2-DF,Midel,Russia
7.213.190.150,66-15-3C-EF-99-FF,Skyble,Uganda
49.178.152.235,2B-9D-0E-0A-A6-F4,Mudo,Croatia
245.18.59.47,ED-91-61-44-DE-24,Fiveclub,United States
236.255.26.80,26-5F-BA-DC-2D-D7,Realpoint,Thailand
18.218.152.79,81-CF-C8-B1-D8-5D,Yadel,French Polynesia
188.73.47.140,CB-FA-F7-E6-48-FD,Skinix,China
141.107.123.245,6D-29-16-AE-1E-1D,Photobean,Philippines
158.133.57.111,F1-CE-C8-CC-3E-A2,Realmix,Philippines
172.106.49.214,8B-88-48-60-92-A6,Twiyo,South Africa
10.225.148.102,AE-6F-74-25-39-FA,Topicware,Argentina
6.122.160.112,BD-EC-7C-BD-F0-F5,Bubblemix,France
87.30.81.97,18-F1-4B-D3-09-11,Trudeo,Panama
25.191.20.108,5C-54-2C-06-4D-EB,Voonix,Cameroon
161.19.24.87,2F-14-6B-A1-6C-85,Centizu,China
65.195.134.6,92-0A-D2-A1-42-AC,Thoughtblab,Poland
41.199.231.70,D3-23-D0-0C-41-EF,Browsecat,Armenia
94.9.146.196,82-45-C3-A3-27-84,Trupe,Poland
9.38.8.216,98-CB-4A-14-53-56,Yadel,Australia
113.59.226.122,67-78-F8-0A-AC-80,Gabspot,Brazil
51.162.159.69,C2-EA-DA-61-D8-14,Jetpulse,China
143.145.134.146,85-23-98-46-87-6B,Yadel,France
154.105.63.71,73-04-B2-EC-0E-30,Quire,Russia
57.192.175.28,B9-D4-58-9C-16-2D,Bluejam,Serbia
83.87.216.162,57-A7-C7-8F-72-E9,Trupe,Russia
108.246.102.208,E7-AB-AD-22-F0-F3,DabZ,China
20.56.157.86,31-E7-F3-91-B8-45,Brainlounge,Indonesia
255.187.93.124,00-0B-1B-D1-AA-B8,Yodo,Brazil
127.91.54.216,3C-61-2F-BE-CC-96,Gabtune,Lithuania
130.67.234.210,F6-B6-08-25-6E-4F,Nlounge,Croatia
127.84.171.231,60-D9-49-5D-17-D2,Tazzy,China
77.96.164.175,B8-C4-BB-AF-B2-95,Aivee,Colombia
191.78.27.84,E6-70-63-1B-62-C6,Meetz,Argentina
158.178.35.246,EB-1F-12-DC-C0-D3,Skilith,Taiwan
88.29.179.77,25-DC-E9-0E-4C-16,Topdrive,Yemen
104.17.228.4,4C-00-F5-B4-EA-11,Voonix,Brazil
147.191.254.96,56-A3-0B-64-F3-87,Babblestorm,Russia
94.56.137.69,35-66-D5-FF-EB-1C,Plajo,Colombia
69.28.138.18,43-4D-89-AB-9F-FE,Browsecat,France
253.132.69.130,FE-83-B6-17-08-E8,Jaloo,Russia
244.173.114.143,76-98-4E-4B-29-97,Rhybox,Canada
59.156.135.242,C0-F8-60-A3-C4-34,Vinder,Aland Islands
178.100.241.189,D0-BC-3A-6D-C9-87,Youtags,Philippines
220.25.140.191,BA-A5-81-1C-BB-76,Dynava,Brazil
77.73.198.71,FD-A0-79-C1-73-AA,Rhybox,Indonesia
94.126.21.90,55-82-66-3A-E0-64,Fivebridge,Somalia
216.31.209.160,3F-1A-12-8D-13-BA,Chatterbridge,China
217.200.69.94,4A-CB-70-5B-4F-25,Gabtune,Spain
231.189.19.51,B9-F0-71-62-C1-51,Aibox,Spain
233.208.113.5,78-7D-73-F7-05-D1,Jetwire,Colombia
11.32.115.92,F5-90-A2-66-81-AB,Twimbo,Morocco
93.161.198.205,7C-8C-F7-C3-25-9C,Quamba,China
67.204.103.91,D5-12-DA-00-AD-3B,Innojam,United States
139.156.85.87,0C-24-06-76-66-97,Jabbercube,Honduras
191.176.51.119,98-6A-FB-AA-AA-B9,Photofeed,Georgia
122.99.49.131,24-B5-C3-20-72-24,Yata,Indonesia
78.230.231.150,D5-3F-F3-FE-0E-6B,Twitternation,Russia
167.203.169.55,6A-C4-C8-B1-1F-41,Bluezoom,Spain
30.248.27.113,30-89-64-D3-ED-80,Oba,Indonesia
45.89.57.221,CB-29-70-1D-52-FD,Mynte,Peru
110.92.173.150,87-3A-19-7A-46-C1,Shufflester,China
20.39.18.223,BA-99-44-43-7B-A5,Skimia,Portugal
120.129.152.53,B4-C5-3D-F2-29-D5,Devshare,Portugal
94.71.47.216,60-89-BC-27-F5-92,Kanoodle,Belarus
239.88.107.144,03-70-10-5A-82-B7,Zooxo,Indonesia
121.170.45.242,D5-58-AD-E7-E6-63,Snaptags,Poland
218.183.100.99,CE-5D-4A-B8-F9-EB,Browsedrive,China
94.224.198.60,C2-26-10-37-D6-CA,Ozu,Philippines
62.171.141.59,3D-81-01-28-2A-4C,Youfeed,Cameroon
85.193.47.193,E6-E7-2C-33-67-E9,Roodel,Poland
7.141.139.128,98-85-77-00-7F-EA,Jabbertype,China
184.246.176.56,1E-ED-92-DE-EC-41,Cogidoo,Ukraine
69.10.219.124,9E-7B-B2-65-63-99,Livepath,China
71.201.253.98,37-14-AF-7B-82-7C,Shuffledrive,China
253.203.200.153,D8-C9-24-37-A3-DE,Layo,Indonesia
101.28.193.183,66-AD-EF-F0-B0-3D,Izio,Taiwan
74.253.6.90,53-A2-63-B3-AB-54,Topicshots,Spain
45.248.245.235,CD-22-08-6B-72-16,Buzzbean,Russia
198.108.61.29,D1-53-26-EC-3A-41,Yamia,Angola
81.95.255.120,FC-77-ED-8D-8A-47,Oyoyo,Cameroon
32.239.17.220,33-E4-EE-D1-01-C2,Skilith,Madagascar
20.140.139.235,CD-0C-B3-EF-B3-7F,Rhynoodle,China
183.252.50.179,93-C5-4B-A7-D8-D5,Tagchat,China
111.3.215.90,4A-E0-19-95-AA-33,Tagtune,Portugal
120.254.186.202,D9-1A-8B-7C-11-5B,Oyope,Russia
187.228.32.168,12-CC-81-BD-6D-2D,Flipbug,Nicaragua
185.128.240.127,01-73-B1-2E-4C-46,Bubblebox,Sweden
193.85.246.157,70-7E-CC-1E-B3-E9,Aivee,United States
94.4.36.241,D2-F5-C3-3A-00-3B,Jaxbean,Morocco
63.224.7.53,CD-3F-76-B2-D4-48,Pixonyx,Kenya
55.164.201.92,20-5D-C9-52-11-9F,Yamia,Canada
62.240.159.242,1B-3B-82-BB-3A-71,Realmix,Brazil
59.96.114.169,A3-F3-9F-DC-BD-FA,Riffpedia,Spain
12.190.18.234,74-E5-3E-2C-C6-78,Vidoo,Thailand
158.12.165.161,01-3E-AE-CE-85-E2,Janyx,China
224.118.33.74,DA-48-91-E8-37-CA,Twitterwire,Philippines
63.251.31.238,69-B1-64-2B-5A-C9,Yakitri,Uganda
174.208.188.232,7C-E5-33-CF-C9-B9,Ozu,Peru
81.49.155.154,3D-07-66-30-39-B4,Tazzy,Albania
213.111.171.95,F1-ED-98-B4-53-95,Jayo,China
193.55.231.96,BF-76-A4-BA-95-2B,Latz,Indonesia
212.151.52.222,B1-5E-A7-C3-1E-95,Skipfire,Ivory Coast
167.240.229.207,1D-A9-02-39-AA-6E,Jabberbean,Nigeria
128.52.34.154,39-EE-34-62-02-E6,Dabshots,Indonesia
95.126.171.63,73-CA-8C-30-03-41,Devshare,Bulgaria
209.8.9.126,DC-FC-D6-B5-56-AC,Realcube,China
213.161.245.132,9E-AE-61-60-DC-C7,Brightdog,Portugal
37.69.157.37,C3-BF-5F-C5-41-26,Photobug,Poland
249.9.57.226,27-43-7A-D5-1B-E4,Voonte,Cyprus
217.90.76.102,77-0E-52-AB-F7-E8,Fiveclub,Czech Republic
217.229.124.160,85-3F-E1-44-F5-4C,Ozu,China
162.155.199.12,4F-56-95-9B-7D-76,Voonyx,Central African Republic
254.250.133.175,14-FC-82-3F-94-B6,Fivechat,Czech Republic
66.57.20.252,55-90-B2-E9-1D-A0,Fivespan,China
145.54.170.221,89-03-62-FC-B8-1D,Jabberbean,Indonesia
18.52.185.245,F8-30-A7-72-35-96,Jabbercube,United States
80.16.112.61,E2-29-DC-B9-FE-C5,Voomm,Iran
247.151.46.79,D8-79-27-94-C2-94,Fanoodle,Bosnia and Herzegovina
8.114.175.50,F3-DC-9C-69-AE-A4,Blognation,Indonesia
175.184.120.68,EB-B6-6F-42-1A-EF,Zoomdog,Czech Republic
93.245.180.203,5C-DD-5D-9F-EA-88,Zoonoodle,Tanzania
133.193.83.227,E0-32-31-A8-E4-0F,Zoomlounge,Finland
75.20.199.131,C7-5A-9A-1D-A1-74,Trudeo,Indonesia
219.207.220.220,70-01-2D-F9-C9-1F,Browseblab,Russia
149.91.189.204,CA-61-4F-3D-EE-27,Zoozzy,Indonesia
225.196.206.163,1F-AD-A3-66-16-0D,Shufflebeat,Finland
93.163.22.95,FD-A1-C3-88-D3-8B,Jaxspan,Japan
140.159.35.5,58-FF-D0-18-CD-8B,Oyope,Indonesia
57.61.77.215,84-D4-74-80-39-12,Browsetype,Poland
237.119.248.173,B6-16-A5-03-1A-C8,Livetube,Greece
41.238.61.99,7C-53-F4-29-4E-7C,Trilia,Equatorial Guinea
64.247.55.63,19-8A-64-BC-4C-E2,Jaxnation,Indonesia
201.53.86.245,85-43-83-0F-FF-E6,Browsecat,Malaysia
88.0.171.144,FF-73-6E-6E-47-9A,Thoughtblab,Ethiopia
81.125.125.171,7A-F1-E6-4A-7E-15,BlogXS,Taiwan
42.245.87.250,81-AC-E5-3D-29-9E,Centizu,Portugal
161.108.6.98,21-80-03-FD-BD-16,Skinte,Serbia
140.129.148.255,65-D2-8D-43-C0-79,Twimm,China
157.62.40.88,D0-69-F9-16-9E-03,Demizz,China
127.5.50.77,FB-7F-4A-53-98-E2,Rhynoodle,China
93.76.234.149,B5-84-A8-6D-0B-3E,Dabshots,Portugal
219.170.2.232,2C-AE-18-21-6E-97,Voomm,Thailand
189.134.108.68,46-64-3F-AA-FE-6F,Vinte,Ivory Coast
26.107.140.42,2C-78-F9-BA-B9-71,Cogilith,Brazil
75.65.5.100,7C-CC-0A-78-80-A4,Livetube,Panama
79.71.236.39,E3-48-1F-9B-49-22,Tagchat,China
189.231.209.227,FB-1D-89-5C-42-37,Yodoo,Vietnam
172.90.25.207,03-E9-A3-92-6C-AA,Photospace,Japan
199.194.90.29,18-53-AE-1B-4F-8A,Twinder,Russia
172.167.73.75,C7-93-06-53-A9-C3,Topiczoom,Argentina
148.112.239.217,4B-9C-90-06-DF-B1,Voomm,France
23.123.59.2,0C-A3-32-91-C9-3F,Wordtune,Philippines
66.109.146.85,E3-9A-7C-FC-EC-63,Kimia,China
235.37.164.82,69-1A-5F-3A-80-D5,Babblestorm,Indonesia
21.79.160.157,05-D5-BD-A9-78-6D,Zoombox,Russia
117.38.37.193,7E-F3-99-5E-87-96,Yombu,Aland Islands
37.248.109.140,89-36-9D-08-A5-AB,Riffwire,Indonesia
147.176.240.208,E9-31-75-31-26-7F,Bubbletube,Solomon Islands
176.27.58.115,16-1E-76-0F-DF-5F,Rhybox,Croatia
148.216.122.33,23-E4-20-B5-35-14,Dabtype,Czech Republic
85.43.18.184,D8-83-B9-F2-39-6F,Linkbuzz,Greece
64.245.32.157,0A-8E-B0-6B-58-CB,Zooveo,Portugal
182.83.58.121,B0-A4-F9-9B-3C-88,Photobug,North Korea
194.212.101.155,41-3B-63-65-35-A9,Yombu,Indonesia
255.225.178.105,B5-7A-95-39-D1-F4,Eayo,China
252.175.0.57,A2-A8-28-B4-36-9A,Ooba,Bulgaria
113.185.134.52,DF-BF-6C-67-52-87,Yambee,Indonesia
59.199.235.243,F7-92-5D-72-A7-1B,Jaxworks,China
53.240.152.209,91-A8-83-24-23-98,Oyope,Peru
86.166.217.230,34-26-08-92-25-5D,LiveZ,Poland
161.249.221.146,9C-81-8C-E1-13-FE,Roodel,Mexico
247.3.171.226,62-01-2E-7B-5E-AA,Vidoo,Morocco
174.125.47.215,D8-4B-2D-E4-0D-20,Kamba,Thailand
131.49.101.216,B4-20-3F-C1-0D-22,Chatterbridge,Egypt
243.119.205.16,8D-35-56-C5-2D-E3,Cogidoo,Indonesia
125.177.136.61,DC-D1-31-6C-18-3D,Babbleblab,Portugal
96.11.28.225,FA-CD-01-D7-DC-FA,Jabbersphere,Mali
247.176.62.51,0A-31-99-5A-91-FE,Omba,Estonia
198.124.14.183,4C-C2-D8-39-7C-A0,Jayo,China
192.72.124.48,35-5E-5B-0F-1C-F3,Plambee,Indonesia
185.164.52.99,5F-A2-6C-49-99-02,Brightdog,Philippines
156.233.147.164,0D-A4-3A-4B-98-61,Skinix,Japan
25.46.113.253,6A-C8-34-11-F6-F9,Skilith,China
44.179.162.230,F4-F0-28-24-4D-8C,Photolist,Dominican Republic
19.12.29.62,1D-00-09-49-24-11,Quatz,Colombia
146.217.59.19,39-2F-3A-E5-4A-3D,Devpoint,Indonesia
129.218.15.252,68-46-C5-C0-DF-82,Yadel,Russia
89.166.156.22,F3-C7-64-C9-E2-C9,Topicshots,Argentina
233.83.196.87,8B-4A-F0-E5-AA-28,Youfeed,China
63.35.140.22,E5-CD-12-C0-E2-C8,Quire,Czech Republic
254.162.183.46,7D-C4-C5-0D-73-22,Quinu,Indonesia
41.117.244.147,D8-2C-5C-D4-04-60,Eidel,Russia
231.230.189.119,9A-35-4B-37-7D-5B,Kimia,Indonesia
157.227.117.217,1C-96-2E-68-A4-FD,Trudoo,Poland
5.208.192.14,A6-E9-B8-DF-4C-58,Buzzshare,United States
198.124.217.54,E9-F6-C9-72-95-44,Browsebug,Japan
42.180.226.192,67-C0-DA-F5-6E-BF,Kayveo,Peru
219.204.198.19,F0-56-06-FE-D2-FF,Fadeo,Brazil
47.243.111.18,C4-73-00-12-B0-8C,Dynabox,Peru
65.213.202.180,24-6C-FC-EA-6B-0B,Gevee,Philippines
163.188.87.99,F2-A8-0F-8D-1C-D7,Innojam,Colombia
119.166.177.167,9C-5F-79-6A-2D-46,Jazzy,France
124.105.220.80,6A-2A-9B-DA-07-0F,Voolia,Poland
225.202.156.54,D5-6F-14-2B-1E-7B,Mybuzz,China
5.109.255.52,ED-C6-3F-B8-D8-70,Blogspan,Hungary
226.158.216.112,06-19-47-A2-E5-65,Podcat,China
24.246.80.169,7A-D9-59-62-07-90,Npath,Philippines
129.254.195.135,EE-56-81-4D-D1-93,Dablist,Sweden
143.49.32.180,03-B2-97-0E-47-BC,Avamba,Russia
39.236.31.52,85-01-C1-7A-9B-48,Photofeed,Brazil
176.80.25.23,1E-F2-D0-98-2F-C4,Edgepulse,Portugal
65.29.243.116,5C-56-85-31-AF-E3,Bubblebox,Hungary
239.253.74.26,F8-B9-28-F7-FD-F1,LiveZ,Sweden
108.57.24.65,64-31-41-F2-29-7A,Dynava,Peru
45.107.119.4,FC-F1-0E-3B-2F-0B,Buzzbean,China
74.123.197.237,99-0D-A4-E7-0A-49,Realmix,China
191.199.201.160,6F-41-C3-4C-A4-2F,Kayveo,Indonesia
51.22.32.104,13-60-3E-3B-20-DC,Lajo,Finland
1.121.91.29,71-F2-25-78-3A-23,Fivespan,Ukraine
60.171.86.138,3C-AA-1D-16-6C-4E,Oyonder,Indonesia
198.16.186.164,B7-B4-BE-04-A5-F4,Npath,Indonesia
19.24.116.113,B8-C5-AC-CC-8D-F1,Wordify,Indonesia
240.128.198.192,96-38-DA-0E-19-2F,Eamia,Russia
252.128.8.8,84-7D-C4-93-E7-78,Miboo,Poland
32.218.25.96,38-A5-E7-C0-52-6A,Realcube,Indonesia
90.46.79.204,A8-4F-93-41-51-A8,Janyx,Brazil
96.210.237.64,81-F6-3F-AF-DD-00,Jaloo,China
67.66.204.244,1B-24-58-5F-60-5E,Yozio,Ukraine
172.134.81.217,E3-AC-5D-C7-8B-4E,Minyx,Indonesia
164.147.116.21,90-AE-36-46-47-65,Devify,China
37.111.244.144,FC-5A-F1-64-05-4B,Eayo,Indonesia
159.206.145.167,F9-62-45-AD-17-34,Ailane,Sweden
39.243.108.96,16-A6-48-37-B4-9C,Kanoodle,Sweden
123.226.81.176,67-F3-BD-15-28-9E,Zava,Colombia
21.141.161.207,D0-17-AB-40-9B-53,Voonyx,Vietnam
222.237.110.135,CD-81-C0-CC-A6-89,Quaxo,Slovenia
181.66.184.104,01-C4-DB-EB-18-C3,Photolist,Afghanistan
137.79.137.49,9E-CB-E0-56-74-A1,Roomm,United States
227.221.169.201,A2-34-3F-46-0A-3E,Wikibox,Philippines
117.104.109.147,78-4C-2D-B4-AE-DC,JumpXS,China
94.122.235.5,94-25-A4-54-B4-B5,Buzzbean,Thailand
243.199.123.217,7B-41-D1-8A-18-6B,Photofeed,Indonesia
85.104.191.2,0A-6E-31-6D-C1-F0,Dabfeed,Greece
162.70.233.144,2B-E0-59-C9-07-51,Browsezoom,Sierra Leone
71.34.185.199,15-72-B1-65-A8-B0,Kazio,France
104.54.58.153,8F-41-80-A4-7D-B0,Meejo,China
15.190.245.4,CD-09-C0-41-32-E7,Tanoodle,Indonesia
36.219.11.122,AD-5C-8B-70-9C-7A,Demizz,China
74.12.226.32,38-14-14-A3-C9-2E,Skiba,Indonesia
187.133.181.140,4F-19-61-36-83-E3,Linkbuzz,Poland
93.26.215.134,52-7D-A8-65-D4-F5,Fanoodle,Russia
109.236.117.9,25-BE-E1-21-CA-24,Avavee,China
113.189.217.88,47-96-DC-35-7F-1C,Quatz,Russia
41.95.68.33,65-5F-56-16-12-6D,Skalith,Russia
194.27.76.152,0F-F6-30-F7-77-35,Meemm,China
55.196.95.111,FC-6E-E4-35-54-96,Yodo,Philippines
252.133.76.215,72-80-7C-E5-2C-30,Quire,China
33.204.137.157,E7-E4-74-3B-88-C7,Realmix,Thailand
231.52.188.223,54-35-D4-38-5D-7A,Wordpedia,Poland
231.77.110.153,38-77-08-E0-F1-FD,Dabvine,Philippines
221.93.18.202,46-E9-86-41-72-58,Mynte,China
213.219.130.102,51-51-63-AC-52-2C,Yodo,China
96.81.217.183,17-5C-60-D3-75-FD,Zooveo,Kazakhstan
216.34.152.48,B5-06-1E-74-55-73,Flipbug,Belarus
110.174.6.77,06-42-76-B5-D3-42,Twitterbridge,Colombia
171.254.167.26,AC-F4-63-9E-9C-DA,Edgeify,China
38.112.122.155,AB-0D-1F-9F-BC-77,Nlounge,Thailand
253.101.108.4,D5-91-86-80-A7-9D,Zoomlounge,Indonesia
11.34.214.9,88-8B-EB-F5-C5-1B,Fiveclub,Brazil
101.131.166.43,8A-1E-14-66-E1-5B,Realbridge,Indonesia
216.113.58.245,7C-C4-5B-B6-A4-97,Jaxnation,Pakistan
62.225.7.24,03-A9-BA-50-03-A1,Mynte,Brazil
138.206.34.184,34-E3-E7-6F-0C-B0,Fliptune,Peru
214.47.44.228,DD-B5-A2-ED-25-DD,Kwinu,China
156.193.61.187,F1-EC-63-24-09-8B,Vidoo,France
130.161.110.80,E4-12-0F-C0-F3-E1,Skyba,Cambodia
130.250.212.34,00-06-D1-A3-B2-07,Twimbo,Finland
26.139.199.192,3B-1A-11-22-A1-A6,Eimbee,China
213.60.204.193,1B-7D-A4-6D-90-20,Wikizz,Argentina
132.104.103.212,4E-02-22-50-4D-87,Tambee,China
6.165.45.197,68-3E-36-94-7A-78,Photospace,Russia
120.173.2.38,8D-DB-63-96-73-D9,Agimba,Sweden
227.6.228.234,02-5C-FD-A5-88-D9,Topicware,Brazil
119.168.238.121,F1-2B-2E-EC-CA-E9,Skiba,Peru
92.121.97.237,13-68-15-13-38-E9,Kimia,Azerbaijan
178.152.48.152,BA-B7-94-23-36-B5,Youspan,China
216.67.58.232,D5-7A-37-D3-85-FF,Devpoint,United States
64.2.110.137,2F-8D-0B-DB-81-A1,Shuffledrive,Argentina
5.190.45.180,02-66-A4-8D-3D-97,Trilith,Russia
126.32.129.186,52-C5-07-9D-73-9A,Gigaclub,France
211.195.46.84,34-E0-13-C1-7F-85,Abata,China
84.116.27.111,53-F3-F5-4C-63-F2,Shuffledrive,Russia
157.41.40.186,9B-61-5D-17-69-2C,Zazio,New Caledonia
141.21.30.228,EF-04-B4-39-12-43,Yambee,Poland
96.32.165.246,A2-6C-E6-91-FD-EF,Kimia,Indonesia
137.157.88.25,63-13-5D-A4-18-1A,Skajo,China
185.203.138.178,9D-0A-F6-B9-B5-B6,Feedmix,China
64.109.215.72,1E-8A-AD-F1-44-E6,Mydo,Norway
117.232.187.73,68-CA-74-61-C9-8D,Zoombeat,Brazil
230.16.232.93,38-0C-39-47-D4-2E,Yakijo,Mexico
179.98.151.66,1D-A5-F0-1F-31-D5,Skiptube,Yemen
113.135.5.77,E4-26-89-5A-83-48,Katz,Uruguay
26.114.81.218,8F-53-93-3F-4B-5B,Roomm,Brazil
103.166.83.59,70-62-06-47-E8-C6,Zoomcast,China
11.83.197.231,17-3F-B8-FF-7A-F2,Kazio,Indonesia
91.119.175.112,D6-E6-99-50-51-CF,Voolia,Argentina
6.158.114.204,CB-93-1C-1B-46-41,Kwinu,Mongolia
209.30.222.12,44-37-B0-93-75-DC,Flashset,Peru
104.212.253.18,E3-F3-25-72-70-10,Buzzdog,Pakistan
115.178.81.255,1B-C3-14-AF-56-F2,Aimbu,Gambia
116.168.230.15,DD-AF-97-5D-ED-13,Skalith,China
201.196.100.193,B8-1F-90-3A-6F-E5,Wordify,Portugal
250.17.159.45,F4-90-4E-21-58-50,Zoonder,Indonesia
142.190.83.251,BC-D2-F6-88-40-F5,Cogibox,Indonesia
7.228.219.22,49-80-70-83-C7-09,Topicblab,Poland
167.229.136.83,5D-E9-0A-58-A4-AA,Quatz,Benin
193.13.218.37,CA-7A-95-30-41-1A,Trudeo,Japan
108.8.206.25,EF-F6-E4-1F-5B-44,Ailane,United States
225.67.122.49,C1-E7-F3-36-20-81,Twitterbeat,Somalia
14.25.146.63,3E-B7-78-EB-41-7A,Skidoo,Indonesia
200.62.63.236,C5-06-28-D7-D5-53,Aimbo,Poland
8.35.29.208,BC-53-A5-F5-6B-FE,Eire,China
204.13.94.187,74-3F-53-35-14-CE,Yotz,France
228.237.164.173,67-A2-76-82-25-6A,Leexo,Tajikistan
217.122.131.133,88-31-8E-46-C4-06,Zoozzy,Sweden
221.166.86.13,55-4C-92-C6-DB-DF,Realfire,Philippines
108.94.42.99,79-AF-D1-5B-21-7F,Quatz,Myanmar
178.183.169.31,CA-F5-D9-A3-EA-70,Jetpulse,Honduras
79.1.68.72,5D-9F-A0-96-2C-0C,Oba,Russia
231.214.212.68,EB-1D-3D-98-A6-5A,Zoovu,Russia
238.67.72.186,91-15-DD-71-B1-90,Brainverse,Brazil
66.251.43.82,6A-0D-41-3C-4E-FD,Omba,Poland
78.27.91.48,E6-09-5E-AE-A4-DB,Youspan,Vietnam
185.150.142.214,8A-E5-41-48-7A-49,Pixope,Mexico
135.171.121.93,5B-18-7B-42-7C-79,Mymm,Armenia
213.80.149.22,9F-19-DF-C1-66-36,Quamba,Malaysia
19.236.23.222,13-EE-FA-F9-B2-43,Divape,Peru
201.92.82.160,8E-CE-6F-92-D0-CB,Dabshots,Indonesia
37.24.115.196,7D-DE-E7-7E-51-DA,Rhybox,Portugal
78.141.153.94,3D-15-C6-12-1C-C2,Tekfly,Peru
56.72.1.6,4A-8B-40-7A-B0-05,Yakijo,Sweden
7.53.123.142,CB-5B-F1-D3-92-81,Wordware,Poland
151.252.244.194,3D-C6-60-C8-16-0D,Midel,China
23.74.90.103,EF-E6-05-AD-64-20,Tagchat,Russia
142.86.9.178,0B-D8-77-3F-2B-4B,Quatz,Russia
138.152.26.156,A3-CE-BD-64-59-E2,Zoombeat,France
39.251.36.202,F6-3A-F9-F7-E1-4E,Buzzdog,Russia
134.48.105.246,2F-C1-CA-E3-20-82,Oozz,Thailand
91.225.250.239,25-A9-E2-EC-53-0A,Meeveo,Cuba
171.9.10.13,03-41-96-76-49-0A,Tagtune,Poland
28.92.187.195,53-98-E5-59-DC-11,Photofeed,China
249.23.57.113,72-ED-56-6F-FD-AC,Youfeed,Ireland
94.12.140.51,FC-F6-78-2C-6B-D7,Skilith,Czech Republic
250.168.189.8,FB-0B-1B-89-A2-FD,Dabfeed,Sri Lanka
4.184.238.254,A3-43-68-08-8D-DF,Photojam,Greece
153.213.190.10,B7-8E-48-49-E6-5C,Brainverse,Indonesia
212.12.237.83,FA-8C-BA-AE-A0-C1,Bluezoom,China
81.36.53.66,A7-A0-A5-C1-95-C6,Riffwire,Slovenia
134.208.218.202,D4-D2-C9-3C-51-91,Divape,Indonesia
20.29.209.30,D4-02-0E-18-07-44,Tagfeed,Greece
49.229.29.47,81-4A-D6-76-73-25,Twimbo,Finland
211.245.22.160,71-3F-E4-82-57-AA,Kimia,Czech Republic
103.13.233.154,AA-B0-81-35-E9-83,Jabberbean,China
108.25.172.66,03-A7-D3-58-0F-AD,Dabfeed,Philippines
18.178.212.170,29-DA-2C-4E-CD-3C,Edgeblab,Honduras
67.171.113.80,D0-94-11-72-87-D7,Skajo,Poland
163.132.165.172,C6-A0-5A-10-B5-A3,Youbridge,Poland
152.214.10.118,F7-66-83-09-E4-03,Thoughtmix,Bangladesh
195.39.157.6,83-9F-FB-8E-61-3B,Ntag,Poland
204.151.96.41,04-E7-27-5F-30-32,Pixoboo,China
136.126.50.75,AE-80-B7-3A-11-8A,Flipopia,China
40.75.29.78,61-2D-08-C5-03-D6,Viva,Bulgaria
96.199.234.255,6E-D8-8C-92-84-7D,Kanoodle,Russia
220.46.23.49,38-01-5D-94-0E-49,Centidel,France
235.208.114.179,64-3D-D6-C2-C6-51,Quatz,Russia
209.87.14.25,85-CB-CC-A1-E8-D0,Thoughtstorm,France
187.231.145.33,C0-49-0C-20-72-10,Myworks,China
114.200.217.15,35-CF-D8-4E-E3-28,Skajo,Russia
233.63.129.127,2F-29-DF-21-B3-AF,Youbridge,China
98.68.138.13,A0-4B-3D-EC-B2-78,Jaxspan,Japan
154.122.87.97,E4-5C-1B-07-C8-1A,Skiptube,Brazil
153.151.255.11,34-2C-5A-25-92-3A,Tekfly,Indonesia
67.158.224.229,42-44-5B-10-18-E9,Gigabox,Colombia
242.104.220.147,6B-47-AE-8B-94-53,Zoombox,Russia
35.189.40.201,64-7E-BC-7D-21-EB,Dynabox,Finland
77.22.237.232,7B-E7-5C-D0-24-14,Skinder,Philippines
141.79.96.187,B3-FF-08-3B-55-D1,Oyope,China
108.185.0.225,79-14-31-C5-C6-C6,Realbridge,Syria
196.175.14.251,C3-BA-30-24-04-68,Agivu,China
137.31.181.200,DD-78-DF-D2-0F-79,Voolith,Russia
106.58.143.116,51-61-90-1D-A0-A0,Kimia,Brazil
148.230.110.35,BB-81-DB-7F-8A-65,Blogspan,Thailand
193.221.54.150,BE-2B-17-62-D9-4B,Livetube,Canada
132.199.41.250,A7-0C-68-DA-41-2D,Skibox,United States
99.235.185.148,7B-89-19-F6-41-EA,Mynte,Sweden
56.7.127.51,7A-91-59-0D-0D-67,Youbridge,China
66.88.44.174,7D-94-D0-93-98-15,Centidel,China
181.181.58.209,42-6D-1B-23-AF-D1,Cogilith,Sweden
197.168.121.0,EE-1C-A2-BD-BC-13,Photolist,France
57.38.93.77,B9-69-52-30-C0-DE,Mybuzz,China
191.20.14.15,90-60-96-47-D0-55,Topicshots,Madagascar
141.88.10.204,2E-DF-B2-FA-82-5B,Jabbersphere,Ukraine
22.114.179.86,1B-C3-B2-6C-23-88,Wikibox,Norway
179.146.178.242,A9-25-29-19-2C-AA,Blogpad,Togo
70.159.71.38,5D-4D-7D-7B-EF-26,Lazz,China
120.60.186.185,2B-AC-AF-14-F2-F0,Twiyo,Indonesia
82.37.153.150,71-87-E7-CD-68-B6,Trupe,Ukraine
186.224.245.14,15-F0-08-4F-F3-D5,Blognation,Thailand
185.250.71.80,05-48-1D-CE-39-F0,Cogilith,Italy
189.91.13.98,9A-C0-2F-CA-F7-84,Devpulse,Poland
216.132.183.152,16-82-A8-57-F8-0A,Twinder,Afghanistan
236.65.128.85,4A-08-46-07-D5-46,Dabshots,Burundi
217.46.140.19,86-B6-FE-A1-9C-75,Wordpedia,China
91.5.6.78,9A-CE-45-05-F9-F8,Midel,Norway
183.49.206.199,AA-95-CE-00-1F-07,Snaptags,South Korea
169.50.233.14,A4-A8-1A-46-9A-DF,Blognation,Ukraine
18.132.246.11,1A-13-FA-6F-74-55,Vitz,Pakistan
100.36.70.61,F0-F0-F9-65-7A-A9,Feedfire,China
62.137.160.74,96-B2-B5-74-88-D0,Quamba,Russia
236.141.1.56,49-BF-D1-50-CA-62,Youbridge,Indonesia
66.188.84.145,94-66-26-59-DF-E2,Ntags,Greece
225.195.9.116,36-27-AB-5E-74-3C,Livepath,Philippines
176.225.199.121,7C-D3-DC-6C-0E-76,Skipfire,Japan
211.129.213.36,5E-E4-51-A1-5E-50,Skipstorm,Indonesia
241.217.9.114,C3-6A-20-1C-2B-F1,Trudoo,Portugal
94.95.73.208,08-4C-88-E9-AE-13,Buzzdog,Sweden
96.185.113.255,E0-3D-F3-BB-26-80,Thoughtbeat,Mozambique
43.225.54.238,85-B3-3A-E7-2F-97,Dabvine,Brazil
187.85.78.79,B7-21-71-8D-1E-15,Demimbu,Russia
135.96.122.194,CC-4C-A1-F2-EE-60,Browsetype,China
128.56.142.170,B4-A5-52-AC-FD-71,Yambee,Japan
117.132.133.55,99-3B-8F-7A-93-0B,Zooveo,Czech Republic
1.19.52.163,65-2B-26-FF-4C-CA,Linkbuzz,Haiti
10.136.166.241,5C-82-67-DB-50-AF,Devcast,China
249.106.229.134,F4-54-D8-A5-A2-81,Wikizz,Netherlands
128.181.159.53,B6-48-5B-0A-E6-30,Yambee,Indonesia
151.242.211.16,0C-06-97-9E-12-DB,Yambee,Russia
127.141.77.6,A0-95-B0-86-28-29,Browsedrive,Poland
11.190.96.246,EE-FB-37-2D-B2-8A,Blognation,Czech Republic
69.122.23.207,AB-92-B2-43-F3-65,Camimbo,United States
113.198.166.140,A0-32-EB-D7-20-96,Kamba,China
94.130.232.4,B5-79-88-A8-05-31,Skaboo,China
138.230.234.28,9E-9E-A4-4C-AA-9D,Leenti,Latvia
205.42.7.160,2E-32-7A-B3-14-6A,Thoughtbeat,Tunisia
170.74.237.146,F7-07-C6-B8-C2-EC,Jazzy,Ukraine
48.244.88.177,63-83-FA-5E-3F-54,Skynoodle,Russia
201.146.161.169,43-4B-A9-13-B3-48,Voolith,Czech Republic
135.14.207.246,09-62-BE-45-09-55,Realblab,Mongolia
250.31.62.25,54-4D-C6-D5-28-98,Wikido,China
121.13.216.59,95-0D-A2-F9-AC-70,Thoughtsphere,Uruguay
26.253.73.80,7E-90-62-7E-46-6B,Skynoodle,Ireland
119.179.142.136,48-C1-B1-6B-94-CC,Midel,Argentina
10.255.112.83,8A-E8-7B-65-77-76,Thoughtblab,Indonesia
186.43.32.35,77-95-56-8D-5C-6C,Feedfish,Indonesia
42.50.83.178,2F-9E-A4-1D-F5-06,Blogspan,Philippines
243.19.215.243,FC-37-AA-65-28-97,Zava,Libya
252.91.200.235,8D-EC-7D-E8-E2-CD,Abata,China
2.72.150.214,6A-CF-89-5F-29-87,Demimbu,China
14.141.203.224,B5-A3-03-DC-99-09,Skiptube,Indonesia
173.62.16.204,8C-B0-58-2F-82-55,Tambee,China
114.115.116.41,60-B7-9D-9E-C8-F5,Dabfeed,China
232.190.106.13,D0-50-32-03-D6-AB,Rhyloo,Russia
23.187.58.172,A3-BE-D2-87-A2-E0,Fivebridge,China
249.229.172.148,65-55-45-36-2A-81,Gevee,Bolivia
58.46.227.70,64-6E-5B-5A-00-EA,Browseblab,Guatemala
249.58.243.188,43-ED-74-A1-DB-57,Photojam,China
89.23.155.212,AF-40-AB-1C-29-7F,Feedfire,Ukraine
204.92.43.63,83-01-D0-69-A3-85,Gabtype,Portugal
23.11.240.51,CE-1E-1C-11-6B-8E,Jaxbean,Indonesia
210.153.235.182,56-37-4E-2C-50-A6,Oyoyo,Indonesia
44.68.168.112,39-9F-2C-59-11-B8,Dabshots,Canada
255.189.217.186,35-D9-A2-77-E5-4D,Skippad,United States
110.91.70.9,71-B0-70-50-81-DB,Photospace,New Zealand
210.198.162.173,F3-41-7F-DE-AC-0E,Yombu,China
159.143.20.27,0C-01-1E-B5-AF-36,Livetube,China
18.190.216.82,30-16-B1-F8-41-35,Browsedrive,Georgia
246.197.208.190,76-D9-43-F0-34-8F,Voonix,China
67.54.205.17,18-C7-5B-3D-04-4D,Youopia,Finland
51.105.145.228,F6-53-F7-27-77-6F,Quatz,Croatia
64.248.33.228,9A-53-BA-9E-CD-AD,Brainverse,Thailand
41.147.172.218,80-95-FC-EA-1A-53,Skinder,China
82.89.44.61,3B-3B-89-D3-76-D7,Einti,Estonia
75.66.104.99,8D-C0-65-7D-D0-C5,Photolist,Bhutan
229.140.152.73,C4-91-41-61-04-2A,Tagtune,Macedonia
80.223.230.230,56-FE-67-58-EC-02,Babbleopia,Thailand
13.25.199.111,A5-50-A8-61-FB-F7,Twitterlist,Sierra Leone
46.128.63.51,D7-4C-7F-D3-6A-51,Tagchat,China
252.241.93.27,B4-2E-7A-83-2A-97,Brainsphere,Venezuela
79.239.83.144,B7-05-BA-B6-5C-CD,Camido,China
92.63.246.107,AA-76-9F-71-F8-59,Yakitri,Cuba
124.159.13.8,22-B5-04-4F-FF-BC,Blogtags,Philippines
77.117.100.70,A2-C1-9F-7B-D3-36,Twitterbridge,China
36.48.24.53,A5-82-2A-F7-61-2F,Nlounge,Sri Lanka
253.88.8.22,32-00-30-74-BA-09,Ntag,Vietnam
137.162.87.158,E2-4B-82-30-1C-C6,Zooxo,Indonesia
248.2.114.179,77-FA-ED-84-70-5A,Oyoyo,Greece
129.40.37.67,1D-C9-44-C8-1D-CA,Trudoo,China
100.253.161.165,90-00-6E-B3-36-94,Babblestorm,France
105.136.168.153,86-1E-BC-D5-F1-99,Vidoo,Thailand
45.71.56.190,F1-4D-2B-49-AA-CD,Wikibox,China
101.115.206.13,0F-3E-B9-68-8F-92,Fivechat,Ecuador
142.11.62.252,4D-90-7B-45-87-FD,Buzzster,China
108.198.112.178,AE-17-5C-B6-94-C8,Dynava,Thailand
183.235.176.121,94-BA-67-8B-06-1B,Oyope,China
159.130.170.84,AF-58-D3-31-44-4E,Midel,China
45.173.161.70,2F-30-68-CF-0E-B8,Skinder,Saudi Arabia
157.62.139.148,55-D7-37-95-3A-D6,Zoonoodle,Thailand
8.215.121.94,B0-53-78-93-D7-2C,Ozu,Portugal
60.240.111.251,C8-20-E2-C6-D3-03,Twitternation,China
17.157.85.9,14-CC-B4-4F-00-5E,Wordpedia,Czech Republic
76.157.2.118,64-55-FC-B3-54-44,Katz,Mexico
100.5.175.136,DA-B5-71-E0-34-00,Snaptags,South Sudan
231.33.121.47,F7-16-2A-AB-9C-E5,Realpoint,Colombia
189.191.53.53,0D-4D-66-13-4F-A0,Twitterlist,France
96.239.205.116,4B-3C-90-12-40-CA,Buzzbean,Japan
182.42.80.93,3F-9B-BF-1B-F4-C7,Meemm,Russia
75.18.204.23,07-96-00-DB-42-6F,Oyonder,Malaysia
76.219.120.78,68-11-08-7C-72-F0,Omba,Portugal
202.133.108.240,2A-F4-4A-38-20-D3,Dynazzy,Aland Islands
46.51.133.180,C9-EA-C3-73-35-7B,Twitterbeat,Albania
116.86.171.56,C4-33-2A-CC-AF-01,Dynabox,Indonesia
182.194.147.252,35-74-74-CC-9B-77,Lajo,Indonesia
0.28.101.167,7D-8C-EA-ED-58-F9,Feedspan,Poland
